{
 "preferenceVersion": {"major":"1", "minor":"0"},
 "preference": [
  {"prefName": "Resolution",
  "prefType": "Enumeration",
  "enumerationList": ["QVGA(320x240)", "VGA(640x480)", "HD(1280x720)", "FHD(1920x1080)"],
  "appApiAccess": "ReadWrite",
  "webApiAccess": "ReadWrite",
  "defaultValue": "VGA(640x480)"},
 {"prefName" :"Framerate_Framenum",
  "prefType" :"Integer",
  "appApiAccess" :"ReadWrite",
  "webApiAccess" :"ReadWrite",
  "defaultValue" :"1"},
 {"prefName" :"Framerate_Unittime",
  "prefType" :"Integer",
  "appApiAccess" :"ReadWrite",
  "webApiAccess" :"ReadWrite",
  "defaultValue" :"1"},
 {"prefName": "Threshold",
  "prefType": "String",
  "appApiAccess": "ReadWrite",
  "webApiAccess": "ReadWrite",
  "defaultValue": "0.5"},
  {"prefName": "CloudSendFlag",
  "prefType": "Boolean",
  "appApiAccess": "ReadWrite",
  "webApiAccess": "ReadWrite",
  "defaultValue": "FALSE"},
  {"prefName": "URL",
  "prefType": "String",
  "appApiAccess": "ReadWrite",
  "webApiAccess": "ReadWrite",
  "defaultValue": ""},
  {"prefName": "proxyHost",
  "prefType": "String",
  "appApiAccess": "ReadWrite",
  "webApiAccess": "ReadWrite",
  "defaultValue": ""},
  {"prefName": "proxyPort",
  "prefType": "Integer",
  "appApiAccess": "ReadWrite",
  "webApiAccess": "ReadWrite",
  "defaultValue": "0"}
 ]
}
